"","source","author_id","created_at","conversation_id","lang","reply_settings","referenced_tweets","id","text","in_reply_to_user_id","retweetcount","reply_count","like_count","quote_count","clean_tweets","clean_tokens","word_count"
"1","Twitter Web App",282220986,2022-01-17 23:59:59,1483227631675797504,"en","everyone","[{'type': 'retweeted', 'id': '1483167691825418241'}]",1483227631675797504,"RT @MaximeBernier: Some mainstream media are finally recognizing that the covid hysteria has gone too far and are beginning to question it.‚Ä¶",NA,931,0,0,0,"some mainstream media are finally recognizing that the covid hysteria has gone too far and are beginning to question it","some,mainstream,media,are,finally,recognizing,that,the,covid,hysteria,has,gone,too,far,and,are,beginning,to,question,it",20
"2","Talon Android",932214247,2022-01-17 23:59:58,1483227630795165696,"en","everyone","[{'type': 'retweeted', 'id': '1482901087296311300'}]",1483227630795165696,"RT @DrJ56013122: I have yet to see a single research article convincingly showing that a booster reduces transmission or reduces the likeli‚Ä¶",NA,30,0,0,0,"i have yet to see a single research article convincingly showing that a booster reduces transmission or reduces the likeli","i,have,yet,to,see,a,single,research,article,convincingly,showing,that,a,booster,reduces,transmission,or,reduces,the,likeli",20
"3","Twitter Web App",110971001,2022-01-17 23:59:58,1483227630052720640,"en","everyone","[{'type': 'retweeted', 'id': '1482902339304390658'}]",1483227630052720640,"RT @birb_k: Updated Infection Fatality Rate (IFR) from Dec study Ioannidis, Axfors. Latest data (pre-Omicron), lowers IFR by ~half for seve‚Ä¶",NA,58,0,0,0,"updated infection fatality rate ifr from dec study ioannidis axfors latest data preomicron lowers ifr by ~half for seve","updated,infection,fatality,rate,ifr,from,dec,study,ioannidis,axfors,latest,data,preomicron,lowers,ifr,by,~half,for,seve",19
"4","Twitter Web App",22078562,2022-01-17 23:59:58,1483227629033508864,"en","everyone","[{'type': 'retweeted', 'id': '1482899763787927553'}]",1483227629033508864,"RT @miblogestublog: omicron, waiting for me to leave my house https://t.co/OEH0WqkuoH",NA,11946,0,0,0,"omicron waiting for me to leave my house ","omicron,waiting,for,me,to,leave,my,house,",9
"5","Twitter Web App",2374260762,2022-01-17 23:59:57,1483227626349408256,"en","everyone","[{'type': 'retweeted', 'id': '1483190165413982209'}]",1483227626349408256,"RT @LesStonehouse: Disappointed certain ABC journalists suggesting on air that Omicron is ‚Äòhopefully‚Äô the final phase of the pandemic &amp; als‚Ä¶",NA,288,0,0,0,"disappointed certain abc journalists suggesting on air that omicron is hopefully the final phase of the pandemic amp als","disappointed,certain,abc,journalists,suggesting,on,air,that,omicron,is,hopefully,the,final,phase,of,the,pandemic,amp,als",19
"6","Twitter for iPad",17662200,2022-01-17 23:59:57,1483227625405353984,"en","everyone","[{'type': 'quoted', 'id': '1483103440486211588'}]",1483227625405353984,"Meanwhile, in the United States‚Ä¶ #COVID19 #Omicron https://t.co/6fjyCQEg3T",NA,0,0,0,0,"meanwhile in the united states   ","meanwhile,in,the,united,states,,,",8
"7","Twitter for iPhone",23086574,2022-01-17 23:59:57,1483227625258565632,"en","everyone","[{'type': 'retweeted', 'id': '1483227010029785088'}]",1483227625258565632,"RT @washingtonpost: False negative results have caused frustration and even heartache for some people who later got back positive PCR resul‚Ä¶",NA,80,0,0,0,"false negative results have caused frustration and even heartache for some people who later got back positive pcr resul","false,negative,results,have,caused,frustration,and,even,heartache,for,some,people,who,later,got,back,positive,pcr,resul",19
"8","Twitter for iPhone",18658713,2022-01-17 23:59:57,1483227624361316352,"en","everyone","[{'type': 'retweeted', 'id': '1483044009505439745'}]",1483227624361316352,"RT @BAshbyMD: Omicron exacerbates chronic illnesses such as CVD, CKD, COPD, cancer etc. In cardiology, we have seen increased heart attacks‚Ä¶",NA,9698,0,0,0,"omicron exacerbates chronic illnesses such as cvd ckd copd cancer etc in cardiology we have seen increased heart attacks","omicron,exacerbates,chronic,illnesses,such,as,cvd,ckd,copd,cancer,etc,in,cardiology,we,have,seen,increased,heart,attacks",19
"9","Twitter for iPhone",21858124,2022-01-17 23:59:57,1483227624252055552,"en","everyone","[{'type': 'retweeted', 'id': '1483198811547869185'}]",1483227624252055552,"RT @tomaspueyo: This is the end of the pandemic:
‚Ä¢ Vaccines reduce deaths by 90%
‚Ä¢ Omicron kills 90% less
‚Ä¢ Treatments save 90% of ppl

The‚Ä¶",NA,333,0,0,0," vaccines reduce deaths by 90
 omicron kills 90 less
 treatments save 90 of ppl

the",",vaccines,reduce,deaths,by,90
,omicron,kills,90,less
,treatments,save,90,of,ppl

the",15
"10","Twitter for Android",36860872,2022-01-17 23:59:56,1483227622309908480,"en","everyone","[{'type': 'retweeted', 'id': '1483226660170354688'}]",1483227622309908480,"RT @DeadlineWH: ""What would've happened if we had gone through Omicron and we did not have 63% of the country fully vaccinated? The resilie‚Ä¶",NA,55,0,0,0,"what wouldve happened if we had gone through omicron and we did not have 63 of the country fully vaccinated the resilie","what,wouldve,happened,if,we,had,gone,through,omicron,and,we,did,not,have,63,of,the,country,fully,vaccinated,the,resilie",22
"11","Twitter for iPhone",1467279803979943936,2022-01-17 23:59:55,1483227614638907392,"en","everyone","[{'type': 'retweeted', 'id': '1483183551701217281'}]",1483227614638907392,"RT @bec7ford: Hunt : the peak has passed! *implied - Omicron wave is over* 

Norman Swan : it‚Äôs very wrong to assume that the peak has occu‚Ä¶",NA,385,0,0,0,"the peak has passed implied  omicron wave is over 

norman swan  its very wrong to assume that the peak has occu","the,peak,has,passed,implied,,omicron,wave,is,over,

norman,swan,,its,very,wrong,to,assume,that,the,peak,has,occu",23
"12","Twitter Web App",1446741670960058368,2022-01-17 23:59:55,1483227614605373440,"en","everyone","[{'type': 'retweeted', 'id': '1483127719714074627'}]",1483227614605373440,"RT @DrEliDavid: Israel üáÆüá± study: ""4th booster not effective for Omicron""

Probably a 5th booster is needed ü§° https://t.co/T3QQXLBAMo",NA,4371,0,0,0,"4th booster not effective for omicron

probably a 5th booster is needed ü§° ","4th,booster,not,effective,for,omicron

probably,a,5th,booster,is,needed,ü§°,",13
"13","Twitter for Android",1160369664871948288,2022-01-17 23:59:54,1483226202743906304,"en","everyone","[{'type': 'replied_to', 'id': '1483226202743906306'}]",1483227614408241152,"@nealejones Watching the MIQ system filling up with Omicron is like watching a dam filling up and it's lapping the top you just waiting for it to overflow I think 2 weeks tops imo, we should have slowed arrival's down week's ago.",22605803,3,3,16,0," watching the miq system filling up with omicron is like watching a dam filling up and its lapping the top you just waiting for it to overflow i think 2 weeks tops imo we should have slowed arrivals down weeks ago",",watching,the,miq,system,filling,up,with,omicron,is,like,watching,a,dam,filling,up,and,its,lapping,the,top,you,just,waiting,for,it,to,overflow,i,think,2,weeks,tops,imo,we,should,have,slowed,arrivals,down,weeks,ago",42
"14","Twitter Web App",42154919,2022-01-17 23:59:54,1483227613405589504,"en","everyone","[{'type': 'retweeted', 'id': '1483211396686954497'}]",1483227613405589504,"RT @acoyne: For one thing, if it was Canada Post it would still be in transit.

Canadian mail likely not source of Beijing Omicron: experts‚Ä¶",NA,19,0,0,0,"for one thing if it was canada post it would still be in transit

canadian mail likely not source of beijing omicron experts","for,one,thing,if,it,was,canada,post,it,would,still,be,in,transit

canadian,mail,likely,not,source,of,beijing,omicron,experts",22
"15","Twitter for iPhone",15396053,2022-01-17 23:59:54,1483149769350389760,"en","everyone","[{'type': 'replied_to', 'id': '1483218856004898818'}]",1483227612570812416,"@oldcityguardian @TheCityofSac I appreciate that very much. Really am focused on the near-term economics facing folks during omicron spike.",928019185,0,1,0,0,"  i appreciate that very much really am focused on the nearterm economics facing folks during omicron spike",",,i,appreciate,that,very,much,really,am,focused,on,the,nearterm,economics,facing,folks,during,omicron,spike",19
"16","Twitter for iPhone",1699185475,2022-01-17 23:59:54,1483227611765833728,"en","everyone","[{'type': 'retweeted', 'id': '1483210367979626497'}]",1483227611765833728,"RT @TracyWesterman: I think when you have 58 COVID deaths in one day across just 2 states, the ‚ÄúOmicron is mild‚Äù argument is pretty well do‚Ä¶",NA,1291,0,0,0,"i think when you have 58 covid deaths in one day across just 2 states the omicron is mild argument is pretty well do","i,think,when,you,have,58,covid,deaths,in,one,day,across,just,2,states,the,omicron,is,mild,argument,is,pretty,well,do",24
"17","Twitter Web App",1260140617046175744,2022-01-17 23:59:54,1483178971881562112,"en","everyone","[{'type': 'replied_to', 'id': '1483212045902544896'}]",1483227611434483712,"@PlayedByGames @samturner892 @NewshubNZ For most people the risk of all those things is tiny. Unfortunately there are some whose risk from Omicron is a lot higher than the avg person. We need to stop treating people as if they all largely have the same risk profile.",3014101080,0,0,1,0,"   for most people the risk of all those things is tiny unfortunately there are some whose risk from omicron is a lot higher than the avg person we need to stop treating people as if they all largely have the same risk profile",",,,for,most,people,the,risk,of,all,those,things,is,tiny,unfortunately,there,are,some,whose,risk,from,omicron,is,a,lot,higher,than,the,avg,person,we,need,to,stop,treating,people,as,if,they,all,largely,have,the,same,risk,profile",46
"18","Twitter for Android",1715434532,2022-01-17 23:59:53,1483227608632668160,"en","everyone",NA,1483227608632668160,"Beijing locks down office with workers still inside after single Omicron case detected

https://t.co/YUHtDadQoS",NA,0,0,0,0,"beijing locks down office with workers still inside after single omicron case detected

","beijing,locks,down,office,with,workers,still,inside,after,single,omicron,case,detected

",13
"19","Twitter Web App",203987842,2022-01-17 23:59:53,1483227607764066304,"en","everyone","[{'type': 'retweeted', 'id': '1483044009505439745'}]",1483227607764066304,"RT @BAshbyMD: Omicron exacerbates chronic illnesses such as CVD, CKD, COPD, cancer etc. In cardiology, we have seen increased heart attacks‚Ä¶",NA,9698,0,0,0,"omicron exacerbates chronic illnesses such as cvd ckd copd cancer etc in cardiology we have seen increased heart attacks","omicron,exacerbates,chronic,illnesses,such,as,cvd,ckd,copd,cancer,etc,in,cardiology,we,have,seen,increased,heart,attacks",19
"20","Twitter Web App",1440538267607134208,2022-01-17 23:59:53,1483227607214989312,"en","everyone","[{'type': 'retweeted', 'id': '1483124884653760513'}]",1483227607214989312,"RT @HGAQuentin: Omicron is everywhere.  It‚Äôs time for @JustinTrudeau and the @liberal_party government to drop travel testing and border no‚Ä¶",NA,1586,0,0,0,"omicron is everywhere  its time for  and the  government to drop travel testing and border no","omicron,is,everywhere,,its,time,for,,and,the,,government,to,drop,travel,testing,and,border,no",19
"21","Twitter for iPhone",1347760701520146432,2022-01-17 23:59:52,1483227605683904512,"en","everyone","[{'type': 'retweeted', 'id': '1482923444291489793'}]",1483227605683904512,"RT @2legit1970: They‚Äôre going to blame the supply chain issues on Covid now, then when all the unvaccinated people go back to work because‚Ä¶",NA,338,0,0,0,"theyre going to blame the supply chain issues on covid now then when all the unvaccinated people go back to work because","theyre,going,to,blame,the,supply,chain,issues,on,covid,now,then,when,all,the,unvaccinated,people,go,back,to,work,because",22
"22","Twitter for Android",257276137,2022-01-17 23:59:52,1483227604975230976,"en","everyone","[{'type': 'retweeted', 'id': '1483210367979626497'}]",1483227604975230976,"RT @TracyWesterman: I think when you have 58 COVID deaths in one day across just 2 states, the ‚ÄúOmicron is mild‚Äù argument is pretty well do‚Ä¶",NA,1291,0,0,0,"i think when you have 58 covid deaths in one day across just 2 states the omicron is mild argument is pretty well do","i,think,when,you,have,58,covid,deaths,in,one,day,across,just,2,states,the,omicron,is,mild,argument,is,pretty,well,do",24
"23","Twitter for Android",1399846174438350848,2022-01-17 23:59:52,1483227602018086912,"en","everyone","[{'type': 'retweeted', 'id': '1483147998259466241'}]",1483227602018086912,"RT @WHO: Every variant of the #COVID19 virus, including Omicron, is dangerous and can cause:
-severe disease
-death
-further virus mutation‚Ä¶",NA,839,0,0,0,"severe disease
death
further virus mutation","severe,disease
death
further,virus,mutation",4
"24","Twitter for iPhone",1531185990,2022-01-17 23:59:51,1483227597807177728,"en","everyone","[{'type': 'retweeted', 'id': '1483171819767177225'}]",1483227597807177728,"RT @TheInsiderPaper: JUST IN üö® Israeli trial, world‚Äôs first, finds 4th dose ‚Äònot good enough‚Äô against Omicron - Times of Israel",NA,1249,0,0,0,"just in üö® israeli trial worlds first finds 4th dose not good enough against omicron  times of israel","just,in,üö®,israeli,trial,worlds,first,finds,4th,dose,not,good,enough,against,omicron,,times,of,israel",19
"25","Twitter for iPhone",1317675775,2022-01-17 23:59:49,1483227593310900224,"en","everyone","[{'type': 'retweeted', 'id': '1483210367979626497'}]",1483227593310900224,"RT @TracyWesterman: I think when you have 58 COVID deaths in one day across just 2 states, the ‚ÄúOmicron is mild‚Äù argument is pretty well do‚Ä¶",NA,1291,0,0,0,"i think when you have 58 covid deaths in one day across just 2 states the omicron is mild argument is pretty well do","i,think,when,you,have,58,covid,deaths,in,one,day,across,just,2,states,the,omicron,is,mild,argument,is,pretty,well,do",24
"26","Twitter for Android",1230592110006542336,2022-01-17 23:59:49,1483194431754932224,"en","everyone","[{'type': 'replied_to', 'id': '1483217429610258432'}]",1483227592132022272,"@OneWonby @ABC Thanks for the irrelevant info. Doesn't change this fact
https://t.co/Ln0U2Oqy15",1265085149949169664,0,3,1,0,"  thanks for the irrelevant info doesnt change this fact
",",,thanks,for,the,irrelevant,info,doesnt,change,this,fact
",11
"27","Twitter for iPhone",2579262878,2022-01-17 23:59:49,1483227589867028480,"en","everyone","[{'type': 'retweeted', 'id': '1482899763787927553'}]",1483227589867028480,"RT @miblogestublog: omicron, waiting for me to leave my house https://t.co/OEH0WqkuoH",NA,11946,0,0,0,"omicron waiting for me to leave my house ","omicron,waiting,for,me,to,leave,my,house,",9
"28","Twitter for Android",1327666400,2022-01-17 23:59:48,1483227586935214080,"en","everyone","[{'type': 'retweeted', 'id': '1483124884653760513'}]",1483227586935214080,"RT @HGAQuentin: Omicron is everywhere.  It‚Äôs time for @JustinTrudeau and the @liberal_party government to drop travel testing and border no‚Ä¶",NA,1586,0,0,0,"omicron is everywhere  its time for  and the  government to drop travel testing and border no","omicron,is,everywhere,,its,time,for,,and,the,,government,to,drop,travel,testing,and,border,no",19
"29","Twitter Web App",175238215,2022-01-17 23:59:47,1483227584297304064,"en","everyone","[{'type': 'retweeted', 'id': '1483180891556163584'}]",1483227584297304064,"RT @LimespringsB: I urge everyone to watch @normanswan on ABC Breakfast today where he dispels a lot of Covid myths.

* info on effective m‚Ä¶",NA,196,0,0,0,"i urge everyone to watch  on abc breakfast today where he dispels a lot of covid myths

 info on effective m","i,urge,everyone,to,watch,,on,abc,breakfast,today,where,he,dispels,a,lot,of,covid,myths

,info,on,effective,m",22
"30","Twitter Web App",1405210926572212224,2022-01-17 23:59:46,1483227578290823168,"en","everyone","[{'type': 'retweeted', 'id': '1483122458332909568'}]",1483227578290823168,"RT @willieodeaLIVE: I have urged the Taoiseach and Min for Health to remove all Covid restrictions, as with the Omicron variant there is no‚Ä¶",NA,140,0,0,0,"i have urged the taoiseach and min for health to remove all covid restrictions as with the omicron variant there is no","i,have,urged,the,taoiseach,and,min,for,health,to,remove,all,covid,restrictions,as,with,the,omicron,variant,there,is,no",22
"31","Twitter Web App",850124612549705728,2022-01-17 23:59:46,1483227578274140160,"en","everyone","[{'type': 'retweeted', 'id': '1483227010029785088'}]",1483227578274140160,"RT @washingtonpost: False negative results have caused frustration and even heartache for some people who later got back positive PCR resul‚Ä¶",NA,80,0,0,0,"false negative results have caused frustration and even heartache for some people who later got back positive pcr resul","false,negative,results,have,caused,frustration,and,even,heartache,for,some,people,who,later,got,back,positive,pcr,resul",19
"32","Twitter for Android",1260291453973983232,2022-01-17 23:59:46,1483227578022387712,"en","everyone","[{'type': 'retweeted', 'id': '1483172199741722626'}]",1483227578022387712,"RT @jeffreyatucker: ""Audiences are vanishing."" Wonder why? Vaccine mandates, mandatory masks, no food or drinks. The war on art continues.‚Ä¶",NA,109,0,0,0,"audiences are vanishing wonder why vaccine mandates mandatory masks no food or drinks the war on art continues","audiences,are,vanishing,wonder,why,vaccine,mandates,mandatory,masks,no,food,or,drinks,the,war,on,art,continues",18
"33","Twitter for Android",1445751022526160896,2022-01-17 23:59:45,1483227576680075264,"en","everyone","[{'type': 'retweeted', 'id': '1483139619105480707'}]",1483227576680075264,"RT @Taka_tut: September 2021: because of myocarditis JCVI couldn‚Äôt recommend even 1st dose for 12-15 y.o. Overruled by vested political and‚Ä¶",NA,919,0,0,0,"because of myocarditis jcvi couldnt recommend even 1st dose for 1215 yo overruled by vested political and","because,of,myocarditis,jcvi,couldnt,recommend,even,1st,dose,for,1215,yo,overruled,by,vested,political,and",17
"34","Twitter for Android",2154587513,2022-01-17 23:59:45,1483227574365044736,"en","everyone","[{'type': 'retweeted', 'id': '1483127719714074627'}]",1483227574365044736,"RT @DrEliDavid: Israel üáÆüá± study: ""4th booster not effective for Omicron""

Probably a 5th booster is needed ü§° https://t.co/T3QQXLBAMo",NA,4371,0,0,0,"4th booster not effective for omicron

probably a 5th booster is needed ü§° ","4th,booster,not,effective,for,omicron

probably,a,5th,booster,is,needed,ü§°,",13
"35","Twitter for Android",716387836618878976,2022-01-17 23:59:45,1483227573245075456,"en","everyone","[{'type': 'retweeted', 'id': '1482899763787927553'}]",1483227573245075456,"RT @miblogestublog: omicron, waiting for me to leave my house https://t.co/OEH0WqkuoH",NA,11946,0,0,0,"omicron waiting for me to leave my house ","omicron,waiting,for,me,to,leave,my,house,",9
"36","Twitter Web App",1428156038750953472,2022-01-17 23:59:44,1483144738370895872,"en","everyone","[{'type': 'replied_to', 'id': '1483144738370895878'}]",1483227571865079808,"@LinaHidalgoTX True evil of Linda!
https://t.co/CuFxqFzgJX",247174365,0,0,0,0," true evil of linda
",",true,evil,of,linda
",5
"37","Twitter for Android",1715434532,2022-01-17 23:59:44,1483227570527424512,"en","everyone",NA,1483227570527424512,"Reporter shows quarantined buildings in China ahead of Olympics

https://t.co/mLiaHkpQlD",NA,0,0,0,0,"reporter shows quarantined buildings in china ahead of olympics

","reporter,shows,quarantined,buildings,in,china,ahead,of,olympics

",9
"38","Twitter for iPhone",103399912,2022-01-17 23:59:44,1483227569226928128,"en","everyone","[{'type': 'retweeted', 'id': '1483179718165905412'}]",1483227569226928128,"RT @RushCam: However ‚Äòmild‚Äô the Omicron is, so many places/service providers are closed or experiencing delays because everybody‚Äôs OOO.",NA,27,0,0,0,"however mild the omicron is so many placesservice providers are closed or experiencing delays because everybodys ooo","however,mild,the,omicron,is,so,many,placesservice,providers,are,closed,or,experiencing,delays,because,everybodys,ooo",17
"39","Twitter for iPhone",770879618,2022-01-17 23:59:43,1483227568316760064,"en","everyone","[{'type': 'retweeted', 'id': '1482453882542379010'}]",1483227568316760064,"RT @roddreher: Day 6 of Covid. Now my wife and kids have it too. All of us vaxxed; wife and I both boosted not long ago. Everybody we know‚Ä¶",NA,25632,0,0,0,"day 6 of covid now my wife and kids have it too all of us vaxxed wife and i both boosted not long ago everybody we know","day,6,of,covid,now,my,wife,and,kids,have,it,too,all,of,us,vaxxed,wife,and,i,both,boosted,not,long,ago,everybody,we,know",27
"40","Twitter for iPhone",31184259,2022-01-17 23:59:43,1483227567788376064,"en","everyone","[{'type': 'retweeted', 'id': '1483176003455393797'}]",1483227567788376064,"RT @mercola: Tragic. ‚ÄúA fourth shot of COVID-19 vaccine boosts antibodies to even higher levels than the third jab but it is not enough to‚Ä¶",NA,186,0,0,0,"tragic a fourth shot of covid19 vaccine boosts antibodies to even higher levels than the third jab but it is not enough to","tragic,a,fourth,shot,of,covid19,vaccine,boosts,antibodies,to,even,higher,levels,than,the,third,jab,but,it,is,not,enough,to",23
"41","Twitter for Android",1355698353569325056,2022-01-17 23:59:43,1483227567742386176,"en","everyone","[{'type': 'retweeted', 'id': '1483205900433338368'}]",1483227567742386176,"RT @JonesHowdareyou: It remains my opinion that opening up for fkn xmas given Omicron had arrived was a very big fkn mistake. 

And I blame‚Ä¶",NA,184,0,0,0,"it remains my opinion that opening up for fkn xmas given omicron had arrived was a very big fkn mistake 

and i blame","it,remains,my,opinion,that,opening,up,for,fkn,xmas,given,omicron,had,arrived,was,a,very,big,fkn,mistake,

and,i,blame",23
"42","Twitter for Android",114084421,2022-01-17 23:59:43,1483227567398465536,"en","everyone","[{'type': 'retweeted', 'id': '1483227010029785088'}]",1483227567398465536,"RT @washingtonpost: False negative results have caused frustration and even heartache for some people who later got back positive PCR resul‚Ä¶",NA,80,0,0,0,"false negative results have caused frustration and even heartache for some people who later got back positive pcr resul","false,negative,results,have,caused,frustration,and,even,heartache,for,some,people,who,later,got,back,positive,pcr,resul",19
"43","Twitter for iPhone",1371356077862780928,2022-01-17 23:59:42,1483227562356916224,"en","everyone","[{'type': 'retweeted', 'id': '1483206225504669696'}]",1483227562356916224,"RT @MyCovidAu: I'm not celebrating any peak or plateau of Omicron. I'm mourning every death whether they occur on the way up or the way dow‚Ä¶",NA,10,0,0,0,"im not celebrating any peak or plateau of omicron im mourning every death whether they occur on the way up or the way dow","im,not,celebrating,any,peak,or,plateau,of,omicron,im,mourning,every,death,whether,they,occur,on,the,way,up,or,the,way,dow",24
"44","Twitter Web App",1280846169850036224,2022-01-17 23:59:41,1483227559563509760,"en","everyone","[{'type': 'retweeted', 'id': '1482742961490350089'}]",1483227559563509760,"RT @Adam_Creighton: New published Covid19 survival rates (2020 data, 14 countries)
Age          (%)
0-19         99.9987
20-29      99.9912‚Ä¶",NA,1524,0,0,0,"new published covid19 survival rates 2020 data 14 countries
age          
019         999987
2029      999912","new,published,covid19,survival,rates,2020,data,14,countries
age,,,,,,,,,,
019,,,,,,,,,999987
2029,,,,,,999912",34
"45","Twitter Web App",799858635677405184,2022-01-17 23:59:41,1483227558577840128,"en","everyone",NA,1483227558577840128,"Given Bloomfield has publicly admitted that the waxx is pretty much useless against Omicron, surely this ‚Äústrengthening or adjustment‚Äù of the traffic light system won‚Äôt include booster mandates or more restrictions on the unwaxxed? ü§°ü§™ü§£
https://t.co/AiWuo1wL6y",NA,0,0,0,0,"given bloomfield has publicly admitted that the waxx is pretty much useless against omicron surely this strengthening or adjustment of the traffic light system wont include booster mandates or more restrictions on the unwaxxed ü§°ü§™ü§£
","given,bloomfield,has,publicly,admitted,that,the,waxx,is,pretty,much,useless,against,omicron,surely,this,strengthening,or,adjustment,of,the,traffic,light,system,wont,include,booster,mandates,or,more,restrictions,on,the,unwaxxed,ü§°ü§™ü§£
",35
"46","Twitter for Android",1260310244,2022-01-17 23:59:41,1483227556971225088,"en","everyone","[{'type': 'retweeted', 'id': '1483213288620146693'}]",1483227556971225088,"RT @IamJadehawk: assorted governments: no, it's fine, we totally can safely shorten quarantine period
omicron: WELL ACTUALLY",NA,47,0,0,0,"no its fine we totally can safely shorten quarantine period
omicron well actually","no,its,fine,we,totally,can,safely,shorten,quarantine,period
omicron,well,actually",12
"47","Twitter for iPhone",53204949,2022-01-17 23:59:41,1483227556157480960,"en","everyone","[{'type': 'retweeted', 'id': '1482899763787927553'}]",1483227556157480960,"RT @miblogestublog: omicron, waiting for me to leave my house https://t.co/OEH0WqkuoH",NA,11946,0,0,0,"omicron waiting for me to leave my house ","omicron,waiting,for,me,to,leave,my,house,",9
"48","Twitter for iPhone",888127055619018752,2022-01-17 23:59:40,1483227554760695808,"en","everyone","[{'type': 'quoted', 'id': '1483124884653760513'}]",1483227554760695808,"But but China with a billion + announcement today 1 omicron person inflicted!  ü§£ü§£ https://t.co/WXgqi7IXpj",NA,0,0,0,0,"but but china with a billion + announcement today 1 omicron person inflicted  ü§£ü§£ ","but,but,china,with,a,billion,+,announcement,today,1,omicron,person,inflicted,,ü§£ü§£,",16
"49","Twitter for iPhone",2364599179,2022-01-17 23:59:40,1483227554106519552,"en","everyone","[{'type': 'retweeted', 'id': '1482899763787927553'}]",1483227554106519552,"RT @miblogestublog: omicron, waiting for me to leave my house https://t.co/OEH0WqkuoH",NA,11946,0,0,0,"omicron waiting for me to leave my house ","omicron,waiting,for,me,to,leave,my,house,",9
"50","Twitter for iPhone",1323900405227511808,2022-01-17 23:59:39,1483227548553453568,"en","everyone","[{'type': 'retweeted', 'id': '1483222550125899779'}]",1483227548553453568,"RT @Fran48548306: @Milliganreports 4 people died as a result of the pink batts scheme and there were royal commissions. Why does the LNP ge‚Ä¶",NA,11,0,0,0," 4 people died as a result of the pink batts scheme and there were royal commissions why does the lnp ge",",4,people,died,as,a,result,of,the,pink,batts,scheme,and,there,were,royal,commissions,why,does,the,lnp,ge",22
"51","Twitter for Android",410103064,2022-01-17 23:59:38,1483227547202637824,"en","everyone","[{'type': 'retweeted', 'id': '1482087905820618759'}]",1483227547202637824,"RT @AP: The omicron variant is sickening so many sanitation workers around the U.S. that some cities have had to delay or suspend garbage a‚Ä¶",NA,900,0,0,0,"the omicron variant is sickening so many sanitation workers around the us that some cities have had to delay or suspend garbage a","the,omicron,variant,is,sickening,so,many,sanitation,workers,around,the,us,that,some,cities,have,had,to,delay,or,suspend,garbage,a",23
"52","Twitter for Android",1027554979555536896,2022-01-17 23:59:38,1483201512721453056,"en","everyone","[{'type': 'replied_to', 'id': '1483201512721453057'}]",1483227546288369664,"@BryanDeanWright @BubbleCovfefe Meanwhile the unvaxxed are fighting off omicron with zero doses from pfizer... joe's probably pissed he couldn't deliver on his promise of serious illness and death to the unvaxxed this ""dark winter""...",4787411118,0,0,3,0,"  meanwhile the unvaxxed are fighting off omicron with zero doses from pfizer joes probably pissed he couldnt deliver on his promise of serious illness and death to the unvaxxed this dark winter",",,meanwhile,the,unvaxxed,are,fighting,off,omicron,with,zero,doses,from,pfizer,joes,probably,pissed,he,couldnt,deliver,on,his,promise,of,serious,illness,and,death,to,the,unvaxxed,this,dark,winter",34
"53","Twitter for iPhone",15122683,2022-01-17 23:59:38,1483227545428324352,"en","everyone","[{'type': 'retweeted', 'id': '1481284543894241284'}]",1483227545428324352,"RT @WendyACronin: ""Omicron's mild. Let it rip."" One month later: ""Why isn't my trash getting picked up? Where's the produce at the grocery‚Ä¶",NA,68204,0,0,0,"why isnt my trash getting picked up wheres the produce at the grocery","why,isnt,my,trash,getting,picked,up,wheres,the,produce,at,the,grocery",13
"54","Twitter for Android",58496285,2022-01-17 23:59:38,1483227545130655744,"en","everyone","[{'type': 'retweeted', 'id': '1483144795879092224'}]",1483227545130655744,"RT @statsjamie: üö®üö® Doctors and scientists urge caution in giving Covid jabs to 'low risk' children

‚û°Ô∏è More than thirty doctors, scientists‚Ä¶",NA,338,0,0,0,"üö®üö® doctors and scientists urge caution in giving covid jabs to low risk children

‚û°Ô∏è more than thirty doctors scientists","üö®üö®,doctors,and,scientists,urge,caution,in,giving,covid,jabs,to,low,risk,children

‚û°Ô∏è,more,than,thirty,doctors,scientists",19
"55","Twitter for iPhone",14107564,2022-01-17 23:59:38,1483227543599730688,"en","everyone","[{'type': 'retweeted', 'id': '1483179403584499712'}]",1483227543599730688,"RT @MichaelPSenger: A fourth dose of the Pfizer vaccine is insufficient to ward off Omicron, Israeli trial finds.
https://t.co/mHtHkvKZdE",NA,640,0,0,0,"a fourth dose of the pfizer vaccine is insufficient to ward off omicron israeli trial finds
","a,fourth,dose,of,the,pfizer,vaccine,is,insufficient,to,ward,off,omicron,israeli,trial,finds
",16
"56","Twitter Web App",1428156038750953472,2022-01-17 23:59:37,1483140743082516480,"en","everyone","[{'type': 'replied_to', 'id': '1483140743082516481'}]",1483227542844674048,"@HarrisCoJudge @LinaHidalgoTX True evil of Linda!
https://t.co/CuFxqFzgJX",1093245238917955584,0,0,0,0,"  true evil of linda
",",,true,evil,of,linda
",6
"57","Twitter for Android",560707426,2022-01-17 23:59:37,1483227540642619392,"en","everyone","[{'type': 'retweeted', 'id': '1483107386558615557'}]",1483227540642619392,"RT @prairiecentrist: Canada should just pull out of the Olympics. 

China is dangerous for Canadians. They lie about everything. They can‚Äôt‚Ä¶",NA,18,0,0,0,"canada should just pull out of the olympics 

china is dangerous for canadians they lie about everything they cant","canada,should,just,pull,out,of,the,olympics,

china,is,dangerous,for,canadians,they,lie,about,everything,they,cant",19
"58","Twitter for Android",1449186361752293376,2022-01-17 23:59:37,1483227540173041664,"en","everyone",NA,1483227540173041664,"https://t.co/mCYD3Xkdzf
Good for them probably realizing the lies with this whole covid bullshit it's the flu period",NA,0,0,0,0,"
good for them probably realizing the lies with this whole covid bullshit its the flu period","
good,for,them,probably,realizing,the,lies,with,this,whole,covid,bullshit,its,the,flu,period",16
"59","Twitter for iPad",869953126551482368,2022-01-17 23:59:37,1483227539724279808,"en","everyone","[{'type': 'retweeted', 'id': '1483139619105480707'}]",1483227539724279808,"RT @Taka_tut: September 2021: because of myocarditis JCVI couldn‚Äôt recommend even 1st dose for 12-15 y.o. Overruled by vested political and‚Ä¶",NA,919,0,0,0,"because of myocarditis jcvi couldnt recommend even 1st dose for 1215 yo overruled by vested political and","because,of,myocarditis,jcvi,couldnt,recommend,even,1st,dose,for,1215,yo,overruled,by,vested,political,and",17
"60","Twitter for Android",260286890,2022-01-17 23:59:36,1483227537132204032,"en","everyone","[{'type': 'retweeted', 'id': '1483157253926670339'}]",1483227537132204032,"RT @adamjohnsonNYC: ‚ÄúBut the recommendation [to cut the recommended isolation period from 10 to 5 days] had an important advantage: It coul‚Ä¶",NA,41,0,0,0,"it coul","it,coul",2
"61","Twitter Web App",2878063612,2022-01-17 23:59:36,1483216346674565120,"en","everyone","[{'type': 'replied_to', 'id': '1483226560266125317'}]",1483227536763105280,"@brainzandbrainz @fox5dc That's silly talk. Of course I will not blame students or faculty.  Fauci has already said we are all going to get Omicron. I have gotten vaxxed and boosted. 

https://t.co/CCGrtDCCgx",1602930967,0,0,0,0,"  thats silly talk of course i will not blame students or faculty  fauci has already said we are all going to get omicron i have gotten vaxxed and boosted 

",",,thats,silly,talk,of,course,i,will,not,blame,students,or,faculty,,fauci,has,already,said,we,are,all,going,to,get,omicron,i,have,gotten,vaxxed,and,boosted,

",33
"62","Twitter for iPhone",1455957107161935872,2022-01-17 23:59:36,1483227535261388800,"en","everyone",NA,1483227535261388800,"To think if omicron pass away is going to make African-Americans feel better about not receiving #VotingRoghts is not true No Sir omicron is your issue. Attempting to get the same rights as you and others is issue ours.",NA,0,0,0,0,"to think if omicron pass away is going to make africanamericans feel better about not receiving  is not true no sir omicron is your issue attempting to get the same rights as you and others is issue ours","to,think,if,omicron,pass,away,is,going,to,make,africanamericans,feel,better,about,not,receiving,,is,not,true,no,sir,omicron,is,your,issue,attempting,to,get,the,same,rights,as,you,and,others,is,issue,ours",39
"63","Twitter for Android",941843147763490816,2022-01-17 23:59:35,1483227534397513728,"en","everyone","[{'type': 'retweeted', 'id': '1483044009505439745'}]",1483227534397513728,"RT @BAshbyMD: Omicron exacerbates chronic illnesses such as CVD, CKD, COPD, cancer etc. In cardiology, we have seen increased heart attacks‚Ä¶",NA,9698,0,0,0,"omicron exacerbates chronic illnesses such as cvd ckd copd cancer etc in cardiology we have seen increased heart attacks","omicron,exacerbates,chronic,illnesses,such,as,cvd,ckd,copd,cancer,etc,in,cardiology,we,have,seen,increased,heart,attacks",19
"64","Twitter for iPhone",508214074,2022-01-17 23:59:34,1483227527380275200,"en","everyone","[{'type': 'retweeted', 'id': '1483203236639256582'}]",1483227527380275200,"RT @GordonGChang: #China is suggesting that a package or envelope from #Canada is the source of an #Omicron infection in #Beijing and is ur‚Ä¶",NA,436,0,0,0," is suggesting that a package or envelope from  is the source of an  infection in  and is ur",",is,suggesting,that,a,package,or,envelope,from,,is,the,source,of,an,,infection,in,,and,is,ur",22
"65","Twitter for iPhone",1613205524,2022-01-17 23:59:34,1483227526793203712,"en","everyone","[{'type': 'retweeted', 'id': '1482862342484418561'}]",1483227526793203712,"RT @methanoJen: ‚ö†Ô∏èPeople are most contagious with omicron 3-6 days after symptoms start.

üì£People aren‚Äôt contagious after 10 days.

https:/‚Ä¶",NA,85,0,0,0,"‚ö†Ô∏èpeople are most contagious with omicron 36 days after symptoms start

üì£people arent contagious after 10 days

","‚ö†Ô∏èpeople,are,most,contagious,with,omicron,36,days,after,symptoms,start

üì£people,arent,contagious,after,10,days

",16
"66","Twitter for Android",298487238,2022-01-17 23:59:33,1483227525585465344,"en","everyone","[{'type': 'retweeted', 'id': '1483130330060103682'}]",1483227525585465344,"RT @FaheemYounus: Omicron is not mild; it *milder* than delta. 

Understand the difference.",NA,2588,0,0,0,"omicron is not mild it milder than delta 

understand the difference","omicron,is,not,mild,it,milder,than,delta,

understand,the,difference",11
"67","Twitter for iPhone",1460586413548728320,2022-01-17 23:59:32,1483227519818297344,"en","everyone","[{'type': 'retweeted', 'id': '1483205900433338368'}]",1483227519818297344,"RT @JonesHowdareyou: It remains my opinion that opening up for fkn xmas given Omicron had arrived was a very big fkn mistake. 

And I blame‚Ä¶",NA,184,0,0,0,"it remains my opinion that opening up for fkn xmas given omicron had arrived was a very big fkn mistake 

and i blame","it,remains,my,opinion,that,opening,up,for,fkn,xmas,given,omicron,had,arrived,was,a,very,big,fkn,mistake,

and,i,blame",23
"68","Twitter for iPhone",2419485350,2022-01-17 23:59:32,1483227519419822080,"en","everyone","[{'type': 'retweeted', 'id': '1483210367979626497'}]",1483227519419822080,"RT @TracyWesterman: I think when you have 58 COVID deaths in one day across just 2 states, the ‚ÄúOmicron is mild‚Äù argument is pretty well do‚Ä¶",NA,1291,0,0,0,"i think when you have 58 covid deaths in one day across just 2 states the omicron is mild argument is pretty well do","i,think,when,you,have,58,covid,deaths,in,one,day,across,just,2,states,the,omicron,is,mild,argument,is,pretty,well,do",24
"69","Twitter for iPhone",165387035,2022-01-17 23:59:32,1483227519100850176,"en","everyone","[{'type': 'retweeted', 'id': '1483139619105480707'}]",1483227519100850176,"RT @Taka_tut: September 2021: because of myocarditis JCVI couldn‚Äôt recommend even 1st dose for 12-15 y.o. Overruled by vested political and‚Ä¶",NA,919,0,0,0,"because of myocarditis jcvi couldnt recommend even 1st dose for 1215 yo overruled by vested political and","because,of,myocarditis,jcvi,couldnt,recommend,even,1st,dose,for,1215,yo,overruled,by,vested,political,and",17
"70","Twitter Web App",763328952429600768,2022-01-17 23:59:31,1483227517259501568,"en","everyone","[{'type': 'retweeted', 'id': '1483139619105480707'}]",1483227517259501568,"RT @Taka_tut: September 2021: because of myocarditis JCVI couldn‚Äôt recommend even 1st dose for 12-15 y.o. Overruled by vested political and‚Ä¶",NA,919,0,0,0,"because of myocarditis jcvi couldnt recommend even 1st dose for 1215 yo overruled by vested political and","because,of,myocarditis,jcvi,couldnt,recommend,even,1st,dose,for,1215,yo,overruled,by,vested,political,and",17
"71","Twitter for iPhone",1411882185859104768,2022-01-17 23:59:31,1483227516831600640,"en","everyone","[{'type': 'retweeted', 'id': '1483124884653760513'}]",1483227516831600640,"RT @HGAQuentin: Omicron is everywhere.  It‚Äôs time for @JustinTrudeau and the @liberal_party government to drop travel testing and border no‚Ä¶",NA,1586,0,0,0,"omicron is everywhere  its time for  and the  government to drop travel testing and border no","omicron,is,everywhere,,its,time,for,,and,the,,government,to,drop,travel,testing,and,border,no",19
"72","Twitter for iPhone",1173304229034942464,2022-01-17 23:59:31,1483227515221016576,"en","everyone","[{'type': 'retweeted', 'id': '1483127719714074627'}]",1483227515221016576,"RT @DrEliDavid: Israel üáÆüá± study: ""4th booster not effective for Omicron""

Probably a 5th booster is needed ü§° https://t.co/T3QQXLBAMo",NA,4371,0,0,0,"4th booster not effective for omicron

probably a 5th booster is needed ü§° ","4th,booster,not,effective,for,omicron

probably,a,5th,booster,is,needed,ü§°,",13
"73","Twitter for iPhone",636754581,2022-01-17 23:59:30,1483227512390012928,"en","everyone","[{'type': 'retweeted', 'id': '1483218537128812546'}]",1483227512390012928,"RT @CubbyPau: imagine planning an entire concert tour in the middle of this Omicron surge and thinking that's a good idea...

I just don't‚Ä¶",NA,1,0,0,0,"imagine planning an entire concert tour in the middle of this omicron surge and thinking thats a good idea

i just dont","imagine,planning,an,entire,concert,tour,in,the,middle,of,this,omicron,surge,and,thinking,thats,a,good,idea

i,just,dont",21
"74","Twitter Web App",1057276233870913536,2022-01-17 23:59:30,1483227511760715776,"en","everyone","[{'type': 'retweeted', 'id': '1483044009505439745'}]",1483227511760715776,"RT @BAshbyMD: Omicron exacerbates chronic illnesses such as CVD, CKD, COPD, cancer etc. In cardiology, we have seen increased heart attacks‚Ä¶",NA,9698,0,0,0,"omicron exacerbates chronic illnesses such as cvd ckd copd cancer etc in cardiology we have seen increased heart attacks","omicron,exacerbates,chronic,illnesses,such,as,cvd,ckd,copd,cancer,etc,in,cardiology,we,have,seen,increased,heart,attacks",19
"75","Twitter for Android",549330655,2022-01-17 23:59:30,1483227509722431488,"en","everyone","[{'type': 'retweeted', 'id': '1483179403584499712'}]",1483227509722431488,"RT @MichaelPSenger: A fourth dose of the Pfizer vaccine is insufficient to ward off Omicron, Israeli trial finds.
https://t.co/mHtHkvKZdE",NA,640,0,0,0,"a fourth dose of the pfizer vaccine is insufficient to ward off omicron israeli trial finds
","a,fourth,dose,of,the,pfizer,vaccine,is,insufficient,to,ward,off,omicron,israeli,trial,finds
",16
"76","Twitter Web App",183024552,2022-01-17 23:59:29,1483190165413982208,"en","everyone","[{'type': 'replied_to', 'id': '1483190165413982209'}]",1483227509600976896,"@LesStonehouse Also seen reports of people who've had Omicron getting reinfected. It's no guarantee.",1108565574,0,0,2,0," also seen reports of people whove had omicron getting reinfected its no guarantee",",also,seen,reports,of,people,whove,had,omicron,getting,reinfected,its,no,guarantee",14
"77","Twitter for Android",1114973713013850112,2022-01-17 23:59:29,1483227505893036032,"en","everyone","[{'type': 'retweeted', 'id': '1483130330060103682'}]",1483227505893036032,"RT @FaheemYounus: Omicron is not mild; it *milder* than delta. 

Understand the difference.",NA,2588,0,0,0,"omicron is not mild it milder than delta 

understand the difference","omicron,is,not,mild,it,milder,than,delta,

understand,the,difference",11
"78","Twitter Web App",939431298233376768,2022-01-17 23:59:28,1483227504077045760,"en","everyone","[{'type': 'retweeted', 'id': '1482902339304390658'}]",1483227504077045760,"RT @birb_k: Updated Infection Fatality Rate (IFR) from Dec study Ioannidis, Axfors. Latest data (pre-Omicron), lowers IFR by ~half for seve‚Ä¶",NA,58,0,0,0,"updated infection fatality rate ifr from dec study ioannidis axfors latest data preomicron lowers ifr by ~half for seve","updated,infection,fatality,rate,ifr,from,dec,study,ioannidis,axfors,latest,data,preomicron,lowers,ifr,by,~half,for,seve",19
"79","Twitter Web App",115068099,2022-01-17 23:59:28,1483227502634221568,"en","everyone",NA,1483227502634221568,"Booster mix proves useful for Omicron https://t.co/P9fEo6AzWc",NA,0,0,0,0,"booster mix proves useful for omicron ","booster,mix,proves,useful,for,omicron,",7
"80","Twitter for iPhone",1371356077862780928,2022-01-17 23:59:26,1483227495113830400,"en","everyone","[{'type': 'retweeted', 'id': '1483183551701217281'}]",1483227495113830400,"RT @bec7ford: Hunt : the peak has passed! *implied - Omicron wave is over* 

Norman Swan : it‚Äôs very wrong to assume that the peak has occu‚Ä¶",NA,385,0,0,0,"the peak has passed implied  omicron wave is over 

norman swan  its very wrong to assume that the peak has occu","the,peak,has,passed,implied,,omicron,wave,is,over,

norman,swan,,its,very,wrong,to,assume,that,the,peak,has,occu",23
"81","Twitter for Android",1143321802313207808,2022-01-17 23:59:25,1483227492550950912,"en","everyone","[{'type': 'retweeted', 'id': '1482412374418206726'}]",1483227492550950912,"RT @bmj_latest: Patients with the omicron variant of covid-19 shed virus for longer after symptoms emerge, show data from Japan, potentiall‚Ä¶",NA,2890,0,0,0,"patients with the omicron variant of covid19 shed virus for longer after symptoms emerge show data from japan potentiall","patients,with,the,omicron,variant,of,covid19,shed,virus,for,longer,after,symptoms,emerge,show,data,from,japan,potentiall",19
"82","Twitter for iPhone",1425139212,2022-01-17 23:59:25,1482968839805890560,"en","everyone","[{'type': 'replied_to', 'id': '1482968839805890560'}]",1483227491510943744,"@AnnastaciaMP @ashbarty @AustralianOpen How was the Magic Millions.   I thought we were all to stay home for 6 weeks due to Omicron.  Or is that only the peasantry",256833444,0,0,0,0,"   how was the magic millions   i thought we were all to stay home for 6 weeks due to omicron  or is that only the peasantry",",,,how,was,the,magic,millions,,,i,thought,we,were,all,to,stay,home,for,6,weeks,due,to,omicron,,or,is,that,only,the,peasantry",31
"83","Twitter Web App",1471322095695155200,2022-01-17 23:59:25,1483227490848026624,"en","everyone","[{'type': 'retweeted', 'id': '1483223817065582603'}]",1483227490848026624,"RT @danielkotzin: ‚ÄúThe bottom line is that the vaccine is excellent against Alpha and Delta, for Omicron it‚Äôs not good enough.‚Äù
https://t.c‚Ä¶",NA,9,0,0,0,"the bottom line is that the vaccine is excellent against alpha and delta for omicron its not good enough
","the,bottom,line,is,that,the,vaccine,is,excellent,against,alpha,and,delta,for,omicron,its,not,good,enough
",19
"84","Twitter for iPhone",293129655,2022-01-17 23:59:25,1483227489857982464,"en","everyone","[{'type': 'retweeted', 'id': '1483124884653760513'}]",1483227489857982464,"RT @HGAQuentin: Omicron is everywhere.  It‚Äôs time for @JustinTrudeau and the @liberal_party government to drop travel testing and border no‚Ä¶",NA,1586,0,0,0,"omicron is everywhere  its time for  and the  government to drop travel testing and border no","omicron,is,everywhere,,its,time,for,,and,the,,government,to,drop,travel,testing,and,border,no",19
"85","Twitter for iPhone",2167828236,2022-01-17 23:59:24,1483227488524423168,"en","everyone","[{'type': 'retweeted', 'id': '1483044009505439745'}]",1483227488524423168,"RT @BAshbyMD: Omicron exacerbates chronic illnesses such as CVD, CKD, COPD, cancer etc. In cardiology, we have seen increased heart attacks‚Ä¶",NA,9698,0,0,0,"omicron exacerbates chronic illnesses such as cvd ckd copd cancer etc in cardiology we have seen increased heart attacks","omicron,exacerbates,chronic,illnesses,such,as,cvd,ckd,copd,cancer,etc,in,cardiology,we,have,seen,increased,heart,attacks",19
"86","Twitter for Android",1307355834314231808,2022-01-17 23:59:24,1483227486943322112,"en","everyone","[{'type': 'retweeted', 'id': '1483161576534335490'}]",1483227486943322112,"RT @Adam_Creighton: Israeli study shows 4th shot of COVID-19 vaccine less effective on Omicron.
The prospect of compulsory six-monthly boos‚Ä¶",NA,82,0,0,0,"israeli study shows 4th shot of covid19 vaccine less effective on omicron
the prospect of compulsory sixmonthly boos","israeli,study,shows,4th,shot,of,covid19,vaccine,less,effective,on,omicron
the,prospect,of,compulsory,sixmonthly,boos",17
"87","Twitter for Android",3082546368,2022-01-17 23:59:23,1483227484321730560,"en","everyone","[{'type': 'retweeted', 'id': '1483226462500966402'}]",1483227484321730560,"RT @Robert33829889: There are people out in the World who would die if they were to get sick from having contracting Covid-19. Do we not ca‚Ä¶",NA,2,0,0,0,"there are people out in the world who would die if they were to get sick from having contracting covid19 do we not ca","there,are,people,out,in,the,world,who,would,die,if,they,were,to,get,sick,from,having,contracting,covid19,do,we,not,ca",24
"88","Twitter for iPhone",922883743769018368,2022-01-17 23:59:23,1483098045809979392,"en","everyone","[{'type': 'replied_to', 'id': '1483098045809979393'}]",1483227483910844416,"@sonaliranade Madam,
Any prediction on Punjab election? Btw, why are they having election in the midst of omicron? Didn‚Äôt EC learn from 2nd wave after WB polls?",12716032,0,0,0,0," madam
any prediction on punjab election btw why are they having election in the midst of omicron didnt ec learn from 2nd wave after wb polls",",madam
any,prediction,on,punjab,election,btw,why,are,they,having,election,in,the,midst,of,omicron,didnt,ec,learn,from,2nd,wave,after,wb,polls",26
"89","Twitter Web App",1428156038750953472,2022-01-17 23:59:23,1481344865942265856,"en","everyone","[{'type': 'replied_to', 'id': '1481344865942265860'}]",1483227483138895872,"@JDBalartMSNBC @LinaHidalgoTX @jdbalart @MSNBC True evil of Linda!
https://t.co/CuFxqFhFSp",1442548149151666176,0,0,0,0,"    true evil of linda
",",,,,true,evil,of,linda
",8
"90","Twitter for iPhone",1477961171449917440,2022-01-17 23:59:23,1483227482664824832,"en","everyone","[{'type': 'retweeted', 'id': '1483124884653760513'}]",1483227482664824832,"RT @HGAQuentin: Omicron is everywhere.  It‚Äôs time for @JustinTrudeau and the @liberal_party government to drop travel testing and border no‚Ä¶",NA,1586,0,0,0,"omicron is everywhere  its time for  and the  government to drop travel testing and border no","omicron,is,everywhere,,its,time,for,,and,the,,government,to,drop,travel,testing,and,border,no",19
"91","Twitter for iPhone",1400194352224350208,2022-01-17 23:59:21,1483227475656290304,"en","everyone","[{'type': 'retweeted', 'id': '1483112070581207051'}]",1483227475656290304,"RT @kylamb8: In England, surveillance of Omicron found just 75 deaths among 212,019 confirmed cases. That's a 0.03% case fatality rate and‚Ä¶",NA,929,0,0,0,"in england surveillance of omicron found just 75 deaths among 212019 confirmed cases thats a 003 case fatality rate and","in,england,surveillance,of,omicron,found,just,75,deaths,among,212019,confirmed,cases,thats,a,003,case,fatality,rate,and",20
"92","Twitter for iPhone",1376421247437795328,2022-01-17 23:59:21,1483227474779869184,"en","everyone","[{'type': 'retweeted', 'id': '1483210367979626497'}]",1483227474779869184,"RT @TracyWesterman: I think when you have 58 COVID deaths in one day across just 2 states, the ‚ÄúOmicron is mild‚Äù argument is pretty well do‚Ä¶",NA,1291,0,0,0,"i think when you have 58 covid deaths in one day across just 2 states the omicron is mild argument is pretty well do","i,think,when,you,have,58,covid,deaths,in,one,day,across,just,2,states,the,omicron,is,mild,argument,is,pretty,well,do",24
"93","Twitter for iPhone",230244271,2022-01-17 23:59:21,1483227474653859840,"en","everyone","[{'type': 'retweeted', 'id': '1482978802208849924'}]",1483227474653859840,"RT @OccupyDemocrats: BREAKING NEWS: France‚Äôs parliament approves a new law that will ban the unvaccinated from all restaurants, sports aren‚Ä¶",NA,2541,0,0,0,"frances parliament approves a new law that will ban the unvaccinated from all restaurants sports aren","frances,parliament,approves,a,new,law,that,will,ban,the,unvaccinated,from,all,restaurants,sports,aren",16
"94","TweetDeck",111309713,2022-01-17 23:59:21,1483227474481795072,"en","everyone","[{'type': 'retweeted', 'id': '1483223817065582603'}]",1483227474481795072,"RT @danielkotzin: ‚ÄúThe bottom line is that the vaccine is excellent against Alpha and Delta, for Omicron it‚Äôs not good enough.‚Äù
https://t.c‚Ä¶",NA,9,0,0,0,"the bottom line is that the vaccine is excellent against alpha and delta for omicron its not good enough
","the,bottom,line,is,that,the,vaccine,is,excellent,against,alpha,and,delta,for,omicron,its,not,good,enough
",19
"95","Twitter for Android",16337088,2022-01-17 23:59:21,1483227473571504128,"en","everyone","[{'type': 'quoted', 'id': '1483223887416422400'}]",1483227473571504128,"I had a chat this week with @duncankinney at @ProgressAlberta about Omicron, schools, and what happens when small communities get overwhelmed with misinformation. https://t.co/iQ4mGFQy5d",NA,7,0,19,0,"i had a chat this week with  at  about omicron schools and what happens when small communities get overwhelmed with misinformation ","i,had,a,chat,this,week,with,,at,,about,omicron,schools,and,what,happens,when,small,communities,get,overwhelmed,with,misinformation,",24
"96","Twitter for Android",759773314986438656,2022-01-17 23:59:21,1483227472699269120,"en","everyone",NA,1483227472699269120,"Omicron in the vaxxed/boostered crowd doesn't look like COVID. It looks like strep, or the *stomach flu*, or a weird headache with congestion. If you can't get tested, please do NOT misrepresent your symptoms and make an appt. We can't test you either. NOW, AGAIN we're exposed.",NA,0,0,0,0,"omicron in the vaxxedboostered crowd doesnt look like covid it looks like strep or the stomach flu or a weird headache with congestion if you cant get tested please do not misrepresent your symptoms and make an appt we cant test you either now again were exposed","omicron,in,the,vaxxedboostered,crowd,doesnt,look,like,covid,it,looks,like,strep,or,the,stomach,flu,or,a,weird,headache,with,congestion,if,you,cant,get,tested,please,do,not,misrepresent,your,symptoms,and,make,an,appt,we,cant,test,you,either,now,again,were,exposed",47
"97","Tweetbot for iŒüS",14731789,2022-01-17 23:59:21,1483227472548311040,"en","everyone","[{'type': 'retweeted', 'id': '1482902339304390658'}]",1483227472548311040,"RT @birb_k: Updated Infection Fatality Rate (IFR) from Dec study Ioannidis, Axfors. Latest data (pre-Omicron), lowers IFR by ~half for seve‚Ä¶",NA,58,0,0,0,"updated infection fatality rate ifr from dec study ioannidis axfors latest data preomicron lowers ifr by ~half for seve","updated,infection,fatality,rate,ifr,from,dec,study,ioannidis,axfors,latest,data,preomicron,lowers,ifr,by,~half,for,seve",19
"98","Twitter for Android",1513548752,2022-01-17 23:59:21,1483227472082927616,"en","everyone","[{'type': 'retweeted', 'id': '1483223814746091523'}]",1483227472082927616,"RT @Nature: The world‚Äôs most widely used COVID-19 vaccines provide little to no protection against infection with the Omicron variant, labo‚Ä¶",NA,90,0,0,0,"the worlds most widely used covid19 vaccines provide little to no protection against infection with the omicron variant labo","the,worlds,most,widely,used,covid19,vaccines,provide,little,to,no,protection,against,infection,with,the,omicron,variant,labo",19
"99","Twitter for iPad",156147230,2022-01-17 23:59:20,1483227471273082880,"en","everyone","[{'type': 'retweeted', 'id': '1483203236639256582'}]",1483227471273082880,"RT @GordonGChang: #China is suggesting that a package or envelope from #Canada is the source of an #Omicron infection in #Beijing and is ur‚Ä¶",NA,436,0,0,0," is suggesting that a package or envelope from  is the source of an  infection in  and is ur",",is,suggesting,that,a,package,or,envelope,from,,is,the,source,of,an,,infection,in,,and,is,ur",22
"100","Twitter for iPhone",2355222696,2022-01-17 23:59:19,1483227467489980416,"en","everyone","[{'type': 'retweeted', 'id': '1483053602109366274'}]",1483227467489980416,"RT @unspinthespina1: Cbc are leaving today to cover the Olympics in Beijing (40 days) 

Meanwhile China has some sort of underreported hemo‚Ä¶",NA,191,0,0,0,"cbc are leaving today to cover the olympics in beijing 40 days 

meanwhile china has some sort of underreported hemo","cbc,are,leaving,today,to,cover,the,olympics,in,beijing,40,days,

meanwhile,china,has,some,sort,of,underreported,hemo",20
